case,target,qubits,mode,native_1q,native_1q_non_rz,native_rz,native_2q,native_depth,non_rz_depth,two_qubit_depth,status
core_bv_104,ibm_fractional_bounded,104,numeric,261,105,156,52,57,54,52,exported
core_bv_104,ibm_sxz_cx,104,numeric,318,106,212,52,58,54,52,exported
core_bv_104,ibm_sxz_cz,104,numeric,261,105,156,52,57,54,52,exported
core_bv_104,rxrz_rzz_unbounded,104,numeric,262,105,157,52,57,54,52,exported
core_bv_156,ibm_fractional_bounded,156,numeric,391,157,234,78,83,80,78,exported
core_bv_156,ibm_sxz_cx,156,numeric,474,158,316,78,84,80,78,exported
core_bv_156,ibm_sxz_cz,156,numeric,391,157,234,78,83,80,78,exported
core_bv_156,rxrz_rzz_unbounded,156,numeric,392,157,235,78,83,80,78,exported
core_bv_24,ibm_fractional_bounded,24,numeric,61,25,36,12,17,14,12,exported
core_bv_24,ibm_sxz_cx,24,numeric,78,26,52,12,18,14,12,exported
core_bv_24,ibm_sxz_cz,24,numeric,61,25,36,12,17,14,12,exported
core_bv_24,ionq_fixed_r_zz,24,numeric,63,25,38,12,17,14,12,exported
core_bv_24,iqm_r_cz,24,numeric,26,26,0,12,15,15,12,exported
core_bv_24,rigetti_rx_cz,24,numeric,61,25,36,12,17,14,12,exported
core_bv_24,rxrz_rzz_unbounded,24,numeric,62,25,37,12,17,14,12,exported
core_bv_36,ibm_fractional_bounded,36,numeric,91,37,54,18,23,20,18,exported
core_bv_36,ibm_sxz_cx,36,numeric,114,38,76,18,24,20,18,exported
core_bv_36,ibm_sxz_cz,36,numeric,91,37,54,18,23,20,18,exported
core_bv_36,ionq_fixed_r_zz,36,numeric,93,37,56,18,23,20,18,exported
core_bv_36,iqm_r_cz,36,numeric,38,38,0,18,21,21,18,exported
core_bv_36,rigetti_rx_cz,36,numeric,91,37,54,18,23,20,18,exported
core_bv_36,rxrz_rzz_unbounded,36,numeric,92,37,55,18,23,20,18,exported
core_bv_54,ibm_fractional_bounded,54,numeric,136,55,81,27,32,29,27,exported
core_bv_54,ibm_sxz_cx,54,numeric,168,56,112,27,33,29,27,exported
core_bv_54,ibm_sxz_cz,54,numeric,136,55,81,27,32,29,27,exported
core_bv_54,ionq_fixed_r_zz,54,numeric,138,55,83,27,32,29,27,exported
core_bv_54,iqm_r_cz,54,numeric,56,56,0,27,30,30,27,exported
core_bv_54,rigetti_rx_cz,54,numeric,136,55,81,27,32,29,27,exported
core_bv_54,rxrz_rzz_unbounded,54,numeric,137,55,82,27,32,29,27,exported
core_ghz_104,ibm_fractional_bounded,104,numeric,724,310,414,103,312,207,103,exported
core_ghz_104,ibm_sxz_cx,104,numeric,3,1,2,103,106,104,103,exported
core_ghz_104,ibm_sxz_cz,104,numeric,415,207,208,103,312,207,103,exported
core_ghz_104,rxrz_rzz_unbounded,104,numeric,415,207,208,103,312,207,103,exported
core_ghz_156,ibm_fractional_bounded,156,numeric,1088,466,622,155,468,311,155,exported
core_ghz_156,ibm_sxz_cx,156,numeric,3,1,2,155,158,156,155,exported
core_ghz_156,ibm_sxz_cz,156,numeric,623,311,312,155,468,311,155,exported
core_ghz_156,rxrz_rzz_unbounded,156,numeric,623,311,312,155,468,311,155,exported
core_ghz_24,ibm_fractional_bounded,24,numeric,164,70,94,23,72,47,23,exported
core_ghz_24,ibm_sxz_cx,24,numeric,3,1,2,23,26,24,23,exported
core_ghz_24,ibm_sxz_cz,24,numeric,95,47,48,23,72,47,23,exported
core_ghz_24,ionq_fixed_r_zz,24,numeric,95,47,48,23,72,47,23,exported
core_ghz_24,iqm_r_cz,24,numeric,47,47,0,23,47,47,23,exported
core_ghz_24,rigetti_rx_cz,24,numeric,95,47,48,23,72,47,23,exported
core_ghz_24,rxrz_rzz_unbounded,24,numeric,95,47,48,23,72,47,23,exported
core_ghz_36,ibm_fractional_bounded,36,numeric,248,106,142,35,108,71,35,exported
core_ghz_36,ibm_sxz_cx,36,numeric,3,1,2,35,38,36,35,exported
core_ghz_36,ibm_sxz_cz,36,numeric,143,71,72,35,108,71,35,exported
core_ghz_36,ionq_fixed_r_zz,36,numeric,143,71,72,35,108,71,35,exported
core_ghz_36,iqm_r_cz,36,numeric,71,71,0,35,71,71,35,exported
core_ghz_36,rigetti_rx_cz,36,numeric,143,71,72,35,108,71,35,exported
core_ghz_36,rxrz_rzz_unbounded,36,numeric,143,71,72,35,108,71,35,exported
core_ghz_54,ibm_fractional_bounded,54,numeric,374,160,214,53,162,107,53,exported
core_ghz_54,ibm_sxz_cx,54,numeric,3,1,2,53,56,54,53,exported
core_ghz_54,ibm_sxz_cz,54,numeric,215,107,108,53,162,107,53,exported
core_ghz_54,ionq_fixed_r_zz,54,numeric,215,107,108,53,162,107,53,exported
core_ghz_54,iqm_r_cz,54,numeric,107,107,0,53,107,107,53,exported
core_ghz_54,rigetti_rx_cz,54,numeric,215,107,108,53,162,107,53,exported
core_ghz_54,rxrz_rzz_unbounded,54,numeric,215,107,108,53,162,107,53,exported
core_grover_24,ibm_fractional_bounded,24,numeric,12369,6195,6174,3960,5798,4023,2249,exported
core_grover_24,ibm_sxz_cx,24,numeric,9295,475,8820,7912,9171,4675,4490,exported
core_grover_24,ibm_sxz_cz,24,numeric,27794,15953,11841,7912,19369,12968,4490,exported
core_grover_24,ionq_fixed_r_zz,24,numeric,21444,10919,10525,3960,8242,5251,2249,exported
core_grover_24,iqm_r_cz,24,numeric,8048,8048,0,7912,8737,8737,4490,exported
core_grover_24,rigetti_rx_cz,24,numeric,29111,15953,13158,7912,20115,12968,4490,exported
core_grover_24,rxrz_rzz_unbounded,24,numeric,11820,5922,5898,3960,5779,4009,2249,exported
core_grover_36,ibm_fractional_bounded,36,numeric,32131,17145,14986,14936,29340,21456,12696,exported
core_grover_36,ibm_sxz_cx,36,numeric,25980,5512,20468,16752,30935,17073,13616,exported
core_grover_36,ibm_sxz_cz,36,numeric,45552,29023,16529,16752,42311,32018,13616,exported
core_grover_36,ionq_fixed_r_zz,36,numeric,47799,25143,22656,14936,48553,30952,12696,exported
core_grover_36,iqm_r_cz,36,numeric,18331,18331,0,16752,23317,23317,13616,exported
core_grover_36,rigetti_rx_cz,36,numeric,45584,29023,16561,16752,42311,32018,13616,exported
core_grover_36,rxrz_rzz_unbounded,36,numeric,31337,16360,14977,14936,33033,23100,12696,exported
core_grover_54,ibm_fractional_bounded,54,numeric,48892,26112,22780,22712,44630,32656,19289,exported
core_grover_54,ibm_sxz_cx,54,numeric,39374,8310,31064,25392,47108,25942,20617,exported
core_grover_54,ibm_sxz_cz,54,numeric,68808,43898,24910,25392,64201,48577,20617,exported
core_grover_54,ionq_fixed_r_zz,54,numeric,72719,38305,34414,22712,73995,47186,19289,exported
core_grover_54,iqm_r_cz,54,numeric,27713,27713,0,25392,35312,35312,20617,exported
core_grover_54,rigetti_rx_cz,54,numeric,68840,43898,24942,25392,64201,48577,20617,exported
core_grover_54,rxrz_rzz_unbounded,54,numeric,47660,24901,22759,22712,50274,35161,19289,exported
core_multiplexer_104,ibm_fractional_bounded,104,numeric,350,124,226,19,24,21,19,exported
core_multiplexer_104,ibm_sxz_cx,104,numeric,351,105,246,38,81,40,38,exported
core_multiplexer_104,ibm_sxz_cz,104,numeric,409,181,228,38,157,116,38,exported
core_multiplexer_104,rxrz_rzz_unbounded,104,numeric,293,105,188,19,23,21,19,exported
core_multiplexer_156,ibm_fractional_bounded,156,numeric,506,176,330,19,24,21,19,exported
core_multiplexer_156,ibm_sxz_cx,156,numeric,507,157,350,38,81,40,38,exported
core_multiplexer_156,ibm_sxz_cz,156,numeric,565,233,332,38,157,116,38,exported
core_multiplexer_156,rxrz_rzz_unbounded,156,numeric,449,157,292,19,23,21,19,exported
core_multiplexer_24,ibm_fractional_bounded,24,numeric,110,44,66,19,24,21,19,exported
core_multiplexer_24,ibm_sxz_cx,24,numeric,111,25,86,38,81,40,38,exported
core_multiplexer_24,ibm_sxz_cz,24,numeric,169,101,68,38,157,116,38,exported
core_multiplexer_24,ionq_fixed_r_zz,24,numeric,54,25,29,19,24,21,19,exported
core_multiplexer_24,iqm_r_cz,24,numeric,62,62,0,38,77,77,38,exported
core_multiplexer_24,rigetti_rx_cz,24,numeric,192,101,91,38,180,116,38,exported
core_multiplexer_24,rxrz_rzz_unbounded,24,numeric,53,25,28,19,23,21,19,exported
core_multiplexer_36,ibm_fractional_bounded,36,numeric,146,56,90,19,24,21,19,exported
core_multiplexer_36,ibm_sxz_cx,36,numeric,147,37,110,38,81,40,38,exported
core_multiplexer_36,ibm_sxz_cz,36,numeric,205,113,92,38,157,116,38,exported
core_multiplexer_36,ionq_fixed_r_zz,36,numeric,90,37,53,19,24,21,19,exported
core_multiplexer_36,iqm_r_cz,36,numeric,74,74,0,38,77,77,38,exported
core_multiplexer_36,rigetti_rx_cz,36,numeric,228,113,115,38,180,116,38,exported
core_multiplexer_36,rxrz_rzz_unbounded,36,numeric,89,37,52,19,23,21,19,exported
core_multiplexer_54,ibm_fractional_bounded,54,numeric,200,74,126,19,24,21,19,exported
core_multiplexer_54,ibm_sxz_cx,54,numeric,201,55,146,38,81,40,38,exported
core_multiplexer_54,ibm_sxz_cz,54,numeric,259,131,128,38,157,116,38,exported
core_multiplexer_54,ionq_fixed_r_zz,54,numeric,144,55,89,19,24,21,19,exported
core_multiplexer_54,iqm_r_cz,54,numeric,92,92,0,38,77,77,38,exported
core_multiplexer_54,rigetti_rx_cz,54,numeric,282,131,151,38,180,116,38,exported
core_multiplexer_54,rxrz_rzz_unbounded,54,numeric,143,55,88,19,23,21,19,exported
core_qft_104,ibm_fractional_bounded,104,numeric,413,206,207,1786,312,207,205,exported
core_qft_104,ibm_sxz_cx,104,numeric,5751,154,5597,3572,825,412,410,exported
core_qft_104,ibm_sxz_cz,104,numeric,12542,7298,5244,3572,1630,1026,410,exported
core_qft_104,rxrz_rzz_unbounded,104,numeric,309,154,155,1786,312,207,205,exported
core_qft_156,ibm_fractional_bounded,156,numeric,621,310,311,2774,468,311,309,exported
core_qft_156,ibm_sxz_cx,156,numeric,8923,232,8691,5548,1241,620,618,exported
core_qft_156,ibm_sxz_cz,156,numeric,19458,11328,8130,5548,2462,1546,618,exported
core_qft_156,rxrz_rzz_unbounded,156,numeric,465,232,233,2774,468,311,309,exported
core_qft_24,ibm_fractional_bounded,24,numeric,93,46,47,266,72,47,45,exported
core_qft_24,ibm_sxz_cx,24,numeric,863,34,829,532,185,92,90,exported
core_qft_24,ibm_sxz_cz,24,numeric,1902,1098,804,532,350,226,90,exported
core_qft_24,ionq_fixed_r_zz,24,numeric,69,34,35,266,72,47,45,exported
core_qft_24,iqm_r_cz,24,numeric,567,567,0,532,159,159,90,exported
core_qft_24,rigetti_rx_cz,24,numeric,1844,1098,746,532,335,226,90,exported
core_qft_24,rxrz_rzz_unbounded,24,numeric,69,34,35,266,72,47,45,exported
core_qft_36,ibm_fractional_bounded,36,numeric,141,70,71,494,108,71,69,exported
core_qft_36,ibm_sxz_cx,36,numeric,1601,52,1549,988,281,140,138,exported
core_qft_36,ibm_sxz_cz,36,numeric,3498,2028,1470,988,542,346,138,exported
core_qft_36,ionq_fixed_r_zz,36,numeric,105,52,53,494,108,71,69,exported
core_qft_36,iqm_r_cz,36,numeric,1041,1041,0,988,243,243,138,exported
core_qft_36,rigetti_rx_cz,36,numeric,3416,2028,1388,988,521,346,138,exported
core_qft_36,rxrz_rzz_unbounded,36,numeric,105,52,53,494,108,71,69,exported
core_qft_54,ibm_fractional_bounded,54,numeric,213,106,107,836,162,107,105,exported
core_qft_54,ibm_sxz_cx,54,numeric,2701,79,2622,1672,425,212,210,exported
core_qft_54,ibm_sxz_cz,54,numeric,5892,3423,2469,1672,830,526,210,exported
core_qft_54,ionq_fixed_r_zz,54,numeric,159,79,80,836,162,107,105,exported
core_qft_54,iqm_r_cz,54,numeric,1752,1752,0,1672,369,369,210,exported
core_qft_54,rigetti_rx_cz,54,numeric,5774,3423,2351,1672,809,526,210,exported
core_qft_54,rxrz_rzz_unbounded,54,numeric,159,79,80,836,162,107,105,exported
core_qft_adder_104,ibm_fractional_bounded,104,numeric,619,309,310,2446,1131,1025,920,exported
core_qft_adder_104,ibm_sxz_cx,104,numeric,7760,258,7502,4840,3785,1893,1838,exported
core_qft_adder_104,ibm_sxz_cz,104,numeric,16370,9713,6657,4840,7828,5392,1838,exported
core_qft_adder_104,rxrz_rzz_unbounded,104,numeric,517,258,259,2446,1131,1025,920,exported
core_qft_adder_156,ibm_fractional_bounded,156,numeric,931,465,466,3954,1781,1623,1466,exported
core_qft_adder_156,ibm_sxz_cx,156,numeric,12518,388,12130,7830,6021,3011,2930,exported
core_qft_adder_156,ibm_sxz_cz,156,numeric,26510,15719,10791,7830,12534,8616,2930,exported
core_qft_adder_156,rxrz_rzz_unbounded,156,numeric,777,388,389,3954,1781,1623,1466,exported
core_qft_adder_24,ibm_fractional_bounded,24,numeric,139,69,70,210,151,125,100,exported
core_qft_adder_24,ibm_sxz_cx,24,numeric,708,58,650,408,425,213,198,exported
core_qft_adder_24,ibm_sxz_cz,24,numeric,1340,817,523,408,785,560,198,exported
core_qft_adder_24,ionq_fixed_r_zz,24,numeric,84,58,26,210,129,125,100,exported
core_qft_adder_24,iqm_r_cz,24,numeric,432,432,0,408,386,386,198,exported
core_qft_adder_24,rigetti_rx_cz,24,numeric,1350,817,533,408,814,560,198,exported
core_qft_adder_24,rxrz_rzz_unbounded,24,numeric,117,58,59,210,151,125,100,exported
core_qft_adder_36,ibm_fractional_bounded,36,numeric,211,105,106,477,280,242,205,exported
core_qft_adder_36,ibm_sxz_cx,36,numeric,1551,88,1463,936,857,429,408,exported
core_qft_adder_36,ibm_sxz_cz,36,numeric,3132,1873,1259,936,1669,1172,408,exported
core_qft_adder_36,ionq_fixed_r_zz,36,numeric,126,88,38,477,246,242,205,exported
core_qft_adder_36,iqm_r_cz,36,numeric,972,972,0,936,800,800,408,exported
core_qft_adder_36,rigetti_rx_cz,36,numeric,3142,1873,1269,936,1758,1172,408,exported
core_qft_adder_36,rxrz_rzz_unbounded,36,numeric,177,88,89,477,280,242,205,exported
core_qft_adder_54,ibm_fractional_bounded,54,numeric,319,159,160,996,506,450,395,exported
core_qft_adder_54,ibm_sxz_cx,54,numeric,3185,133,3052,1965,1635,818,788,exported
core_qft_adder_54,ibm_sxz_cz,54,numeric,6620,3938,2682,1965,3303,2292,788,exported
core_qft_adder_54,ionq_fixed_r_zz,54,numeric,195,133,62,996,460,450,395,exported
core_qft_adder_54,iqm_r_cz,54,numeric,2019,2019,0,1965,1551,1551,788,exported
core_qft_adder_54,rigetti_rx_cz,54,numeric,6684,3938,2746,1965,3482,2292,788,exported
core_qft_adder_54,rxrz_rzz_unbounded,54,numeric,267,133,134,996,506,450,395,exported
core_qpe_104,ibm_fractional_bounded,104,numeric,417,209,208,1770,1974,1870,1767,exported
core_qpe_104,ibm_sxz_cx,104,numeric,5825,207,5618,3539,7275,3637,3534,exported
core_qpe_104,ibm_sxz_cz,104,numeric,12265,7261,5004,3539,15381,10585,3534,exported
core_qpe_104,rxrz_rzz_unbounded,104,numeric,415,207,208,1770,1974,1870,1767,exported
core_qpe_156,ibm_fractional_bounded,156,numeric,625,313,312,2758,3066,2910,2755,exported
core_qpe_156,ibm_sxz_cx,156,numeric,9049,311,8738,5515,11331,5665,5510,exported
core_qpe_156,ibm_sxz_cz,156,numeric,19129,11317,7812,5515,24013,16513,5510,exported
core_qpe_156,rxrz_rzz_unbounded,156,numeric,623,311,312,2758,3066,2910,2755,exported
core_qpe_24,ibm_fractional_bounded,24,numeric,97,49,48,250,294,270,247,exported
core_qpe_24,ibm_sxz_cx,24,numeric,865,47,818,499,1035,517,494,exported
core_qpe_24,ibm_sxz_cz,24,numeric,1705,1021,684,499,2101,1465,494,exported
core_qpe_24,ionq_fixed_r_zz,24,numeric,94,47,47,250,294,270,247,exported
core_qpe_24,iqm_r_cz,24,numeric,525,525,0,499,989,989,494,exported
core_qpe_24,rigetti_rx_cz,24,numeric,1857,1021,836,499,2253,1465,494,exported
core_qpe_24,rxrz_rzz_unbounded,24,numeric,95,47,48,250,294,270,247,exported
core_qpe_36,ibm_fractional_bounded,36,numeric,145,73,72,478,546,510,475,exported
core_qpe_36,ibm_sxz_cx,36,numeric,1609,71,1538,955,1971,985,950,exported
core_qpe_36,ibm_sxz_cz,36,numeric,3289,1957,1332,955,4093,2833,950,exported
core_qpe_36,ionq_fixed_r_zz,36,numeric,142,71,71,478,546,510,475,exported
core_qpe_36,iqm_r_cz,36,numeric,993,993,0,955,1901,1901,950,exported
core_qpe_36,rigetti_rx_cz,36,numeric,3561,1957,1604,955,4365,2833,950,exported
core_qpe_36,rxrz_rzz_unbounded,36,numeric,143,71,72,478,546,510,475,exported
core_qpe_54,ibm_fractional_bounded,54,numeric,217,109,108,820,924,870,817,exported
core_qpe_54,ibm_sxz_cx,54,numeric,2725,107,2618,1639,3375,1687,1634,exported
core_qpe_54,ibm_sxz_cz,54,numeric,5665,3361,2304,1639,7081,4885,1634,exported
core_qpe_54,ionq_fixed_r_zz,54,numeric,214,107,107,820,924,870,817,exported
core_qpe_54,iqm_r_cz,54,numeric,1695,1695,0,1639,3269,3269,1634,exported
core_qpe_54,rigetti_rx_cz,54,numeric,6117,3361,2756,1639,7533,4885,1634,exported
core_qpe_54,rxrz_rzz_unbounded,54,numeric,215,107,108,820,924,870,817,exported
core_w_state_104,ibm_fractional_bounded,104,numeric,725,413,312,206,416,311,206,exported
core_w_state_104,ibm_sxz_cx,104,numeric,1339,515,824,206,727,413,206,exported
core_w_state_104,ibm_sxz_cz,104,numeric,1270,719,551,206,759,516,206,exported
core_w_state_104,rxrz_rzz_unbounded,104,numeric,827,413,414,206,417,311,206,exported
core_w_state_156,ibm_fractional_bounded,156,numeric,1089,621,468,310,624,467,310,exported
core_w_state_156,ibm_sxz_cx,156,numeric,2015,775,1240,310,1091,621,310,exported
core_w_state_156,ibm_sxz_cz,156,numeric,1916,1083,833,310,1140,776,310,exported
core_w_state_156,rxrz_rzz_unbounded,156,numeric,1243,621,622,310,625,467,310,exported
core_w_state_24,ibm_fractional_bounded,24,numeric,165,93,72,46,96,71,46,exported
core_w_state_24,ibm_sxz_cx,24,numeric,299,115,184,46,167,93,46,exported
core_w_state_24,ibm_sxz_cz,24,numeric,283,159,124,46,173,116,46,exported
core_w_state_24,ionq_fixed_r_zz,24,numeric,185,93,92,46,96,71,46,exported
core_w_state_24,iqm_r_cz,24,numeric,113,113,0,46,92,92,46,exported
core_w_state_24,rigetti_rx_cz,24,numeric,271,159,112,46,172,116,46,exported
core_w_state_24,rxrz_rzz_unbounded,24,numeric,187,93,94,46,97,71,46,exported
core_w_state_36,ibm_fractional_bounded,36,numeric,249,141,108,70,144,107,70,exported
core_w_state_36,ibm_sxz_cx,36,numeric,455,175,280,70,251,141,70,exported
core_w_state_36,ibm_sxz_cz,36,numeric,431,243,188,70,261,176,70,exported
core_w_state_36,ionq_fixed_r_zz,36,numeric,281,141,140,70,144,107,70,exported
core_w_state_36,iqm_r_cz,36,numeric,173,173,0,70,140,140,70,exported
core_w_state_36,rigetti_rx_cz,36,numeric,409,243,166,70,258,176,70,exported
core_w_state_36,rxrz_rzz_unbounded,36,numeric,283,141,142,70,145,107,70,exported
core_w_state_54,ibm_fractional_bounded,54,numeric,375,213,162,106,216,161,106,exported
core_w_state_54,ibm_sxz_cx,54,numeric,689,265,424,106,377,213,106,exported
core_w_state_54,ibm_sxz_cz,54,numeric,653,369,284,106,393,266,106,exported
core_w_state_54,ionq_fixed_r_zz,54,numeric,425,213,212,106,216,161,106,exported
core_w_state_54,iqm_r_cz,54,numeric,263,263,0,106,212,212,106,exported
core_w_state_54,rigetti_rx_cz,54,numeric,623,369,254,106,394,266,106,exported
core_w_state_54,rxrz_rzz_unbounded,54,numeric,427,213,214,106,217,161,106,exported
efficient_su2_104_numeric,ibm_fractional_bounded,104,numeric,1560,728,832,312,939,625,312,exported
efficient_su2_104_numeric,ibm_sxz_cx,104,numeric,1664,832,832,312,328,320,312,exported
efficient_su2_104_numeric,ibm_sxz_cz,104,numeric,2391,1144,1247,312,947,629,312,exported
efficient_su2_104_numeric,rxrz_rzz_unbounded,104,numeric,1560,728,832,312,939,625,312,exported
efficient_su2_104_symbolic,ibm_fractional_bounded,104,symbolic,2808,1352,1456,312,951,631,312,exported
efficient_su2_104_symbolic,ibm_sxz_cx,104,symbolic,1664,832,832,312,328,320,312,exported
efficient_su2_104_symbolic,ibm_sxz_cz,104,symbolic,2906,1453,1453,312,948,630,312,exported
efficient_su2_104_symbolic,rxrz_rzz_unbounded,104,symbolic,2184,1040,1144,312,947,629,312,exported
efficient_su2_156_numeric,ibm_fractional_bounded,156,numeric,2340,1092,1248,468,1407,937,468,exported
efficient_su2_156_numeric,ibm_sxz_cx,156,numeric,2496,1248,1248,468,484,476,468,exported
efficient_su2_156_numeric,ibm_sxz_cz,156,numeric,3587,1716,1871,468,1415,941,468,exported
efficient_su2_156_numeric,rxrz_rzz_unbounded,156,numeric,2340,1092,1248,468,1407,937,468,exported
efficient_su2_156_symbolic,ibm_fractional_bounded,156,symbolic,4212,2028,2184,468,1419,943,468,exported
efficient_su2_156_symbolic,ibm_sxz_cx,156,symbolic,2496,1248,1248,468,484,476,468,exported
efficient_su2_156_symbolic,ibm_sxz_cz,156,symbolic,4362,2181,2181,468,1416,942,468,exported
efficient_su2_156_symbolic,rxrz_rzz_unbounded,156,symbolic,3276,1560,1716,468,1415,941,468,exported
efficient_su2_24_numeric,ibm_fractional_bounded,24,numeric,360,168,192,72,219,145,72,exported
efficient_su2_24_numeric,ibm_sxz_cx,24,numeric,384,192,192,72,88,80,72,exported
efficient_su2_24_numeric,ibm_sxz_cz,24,numeric,551,264,287,72,227,149,72,exported
efficient_su2_24_numeric,ionq_fixed_r_zz,24,numeric,550,264,286,72,226,149,72,exported
efficient_su2_24_numeric,iqm_r_cz,24,numeric,192,192,0,72,146,146,72,exported
efficient_su2_24_numeric,rigetti_rx_cz,24,numeric,551,264,287,72,227,149,72,exported
efficient_su2_24_numeric,rxrz_rzz_unbounded,24,numeric,360,168,192,72,219,145,72,exported
efficient_su2_24_symbolic,ibm_fractional_bounded,24,symbolic,648,312,336,72,231,151,72,exported
efficient_su2_24_symbolic,ibm_sxz_cx,24,symbolic,384,192,192,72,88,80,72,exported
efficient_su2_24_symbolic,ibm_sxz_cz,24,symbolic,666,333,333,72,228,150,72,exported
efficient_su2_24_symbolic,ionq_fixed_r_zz,24,symbolic,672,336,336,72,234,153,72,exported
efficient_su2_24_symbolic,iqm_r_cz,24,symbolic,264,264,0,72,150,150,72,exported
efficient_su2_24_symbolic,rigetti_rx_cz,24,symbolic,666,333,333,72,228,150,72,exported
efficient_su2_24_symbolic,rxrz_rzz_unbounded,24,symbolic,504,240,264,72,227,149,72,exported
efficient_su2_36_numeric,ibm_fractional_bounded,36,numeric,540,252,288,108,327,217,108,exported
efficient_su2_36_numeric,ibm_sxz_cx,36,numeric,576,288,288,108,124,116,108,exported
efficient_su2_36_numeric,ibm_sxz_cz,36,numeric,827,396,431,108,335,221,108,exported
efficient_su2_36_numeric,ionq_fixed_r_zz,36,numeric,825,396,429,108,334,221,108,exported
efficient_su2_36_numeric,iqm_r_cz,36,numeric,288,288,0,108,218,218,108,exported
efficient_su2_36_numeric,rigetti_rx_cz,36,numeric,827,396,431,108,335,221,108,exported
efficient_su2_36_numeric,rxrz_rzz_unbounded,36,numeric,540,252,288,108,327,217,108,exported
efficient_su2_36_symbolic,ibm_fractional_bounded,36,symbolic,972,468,504,108,339,223,108,exported
efficient_su2_36_symbolic,ibm_sxz_cx,36,symbolic,576,288,288,108,124,116,108,exported
efficient_su2_36_symbolic,ibm_sxz_cz,36,symbolic,1002,501,501,108,336,222,108,exported
efficient_su2_36_symbolic,ionq_fixed_r_zz,36,symbolic,1008,504,504,108,342,225,108,exported
efficient_su2_36_symbolic,iqm_r_cz,36,symbolic,396,396,0,108,222,222,108,exported
efficient_su2_36_symbolic,rigetti_rx_cz,36,symbolic,1002,501,501,108,336,222,108,exported
efficient_su2_36_symbolic,rxrz_rzz_unbounded,36,symbolic,756,360,396,108,335,221,108,exported
efficient_su2_54_numeric,ibm_fractional_bounded,54,numeric,810,378,432,162,489,325,162,exported
efficient_su2_54_numeric,ibm_sxz_cx,54,numeric,864,432,432,162,178,170,162,exported
efficient_su2_54_numeric,ibm_sxz_cz,54,numeric,1241,594,647,162,497,329,162,exported
efficient_su2_54_numeric,ionq_fixed_r_zz,54,numeric,1239,594,645,162,496,329,162,exported
efficient_su2_54_numeric,iqm_r_cz,54,numeric,432,432,0,162,326,326,162,exported
efficient_su2_54_numeric,rigetti_rx_cz,54,numeric,1241,594,647,162,497,329,162,exported
efficient_su2_54_numeric,rxrz_rzz_unbounded,54,numeric,810,378,432,162,489,325,162,exported
efficient_su2_54_symbolic,ibm_fractional_bounded,54,symbolic,1458,702,756,162,501,331,162,exported
efficient_su2_54_symbolic,ibm_sxz_cx,54,symbolic,864,432,432,162,178,170,162,exported
efficient_su2_54_symbolic,ibm_sxz_cz,54,symbolic,1506,753,753,162,498,330,162,exported
efficient_su2_54_symbolic,ionq_fixed_r_zz,54,symbolic,1512,756,756,162,504,333,162,exported
efficient_su2_54_symbolic,iqm_r_cz,54,symbolic,594,594,0,162,330,330,162,exported
efficient_su2_54_symbolic,rigetti_rx_cz,54,symbolic,1506,753,753,162,498,330,162,exported
efficient_su2_54_symbolic,rxrz_rzz_unbounded,54,symbolic,1134,540,594,162,497,329,162,exported
equatorial_frames_104_numeric,ibm_fractional_bounded,104,numeric,728,312,416,312,937,624,312,exported
equatorial_frames_104_numeric,ibm_sxz_cx,104,numeric,2499,937,1562,312,1875,937,312,exported
equatorial_frames_104_numeric,ibm_sxz_cz,104,numeric,1352,624,728,312,1561,936,312,exported
equatorial_frames_104_numeric,rxrz_rzz_unbounded,104,numeric,1250,625,625,312,938,625,312,exported
equatorial_frames_104_symbolic,ibm_fractional_bounded,104,symbolic,728,312,416,312,937,624,312,exported
equatorial_frames_104_symbolic,ibm_sxz_cx,104,symbolic,3121,1248,1873,312,2497,1248,312,exported
equatorial_frames_104_symbolic,ibm_sxz_cz,104,symbolic,1352,624,728,312,1561,936,312,exported
equatorial_frames_104_symbolic,rxrz_rzz_unbounded,104,symbolic,1872,936,936,312,1560,936,312,exported
equatorial_frames_156_numeric,ibm_fractional_bounded,156,numeric,1092,468,624,468,1405,936,468,exported
equatorial_frames_156_numeric,ibm_sxz_cx,156,numeric,3747,1405,2342,468,2811,1405,468,exported
equatorial_frames_156_numeric,ibm_sxz_cz,156,numeric,2028,936,1092,468,2341,1404,468,exported
equatorial_frames_156_numeric,rxrz_rzz_unbounded,156,numeric,1874,937,937,468,1406,937,468,exported
equatorial_frames_156_symbolic,ibm_fractional_bounded,156,symbolic,1092,468,624,468,1405,936,468,exported
equatorial_frames_156_symbolic,ibm_sxz_cx,156,symbolic,4681,1872,2809,468,3745,1872,468,exported
equatorial_frames_156_symbolic,ibm_sxz_cz,156,symbolic,2028,936,1092,468,2341,1404,468,exported
equatorial_frames_156_symbolic,rxrz_rzz_unbounded,156,symbolic,2808,1404,1404,468,2340,1404,468,exported
equatorial_frames_24_numeric,ibm_fractional_bounded,24,numeric,168,72,96,72,217,144,72,exported
equatorial_frames_24_numeric,ibm_sxz_cx,24,numeric,579,217,362,72,435,217,72,exported
equatorial_frames_24_numeric,ibm_sxz_cz,24,numeric,312,144,168,72,361,216,72,exported
equatorial_frames_24_numeric,ionq_fixed_r_zz,24,numeric,434,217,217,72,362,217,72,exported
equatorial_frames_24_numeric,iqm_r_cz,24,numeric,96,96,0,72,168,168,72,exported
equatorial_frames_24_numeric,rigetti_rx_cz,24,numeric,312,144,168,72,361,216,72,exported
equatorial_frames_24_numeric,rxrz_rzz_unbounded,24,numeric,290,145,145,72,218,145,72,exported
equatorial_frames_24_symbolic,ibm_fractional_bounded,24,symbolic,168,72,96,72,217,144,72,exported
equatorial_frames_24_symbolic,ibm_sxz_cx,24,symbolic,721,288,433,72,577,288,72,exported
equatorial_frames_24_symbolic,ibm_sxz_cz,24,symbolic,312,144,168,72,361,216,72,exported
equatorial_frames_24_symbolic,ionq_fixed_r_zz,24,symbolic,505,288,217,72,433,288,72,exported
equatorial_frames_24_symbolic,iqm_r_cz,24,symbolic,96,96,0,72,168,168,72,exported
equatorial_frames_24_symbolic,rigetti_rx_cz,24,symbolic,312,144,168,72,361,216,72,exported
equatorial_frames_24_symbolic,rxrz_rzz_unbounded,24,symbolic,432,216,216,72,360,216,72,exported
equatorial_frames_36_numeric,ibm_fractional_bounded,36,numeric,252,108,144,108,325,216,108,exported
equatorial_frames_36_numeric,ibm_sxz_cx,36,numeric,867,325,542,108,651,325,108,exported
equatorial_frames_36_numeric,ibm_sxz_cz,36,numeric,468,216,252,108,541,324,108,exported
equatorial_frames_36_numeric,ionq_fixed_r_zz,36,numeric,650,325,325,108,542,325,108,exported
equatorial_frames_36_numeric,iqm_r_cz,36,numeric,144,144,0,108,252,252,108,exported
equatorial_frames_36_numeric,rigetti_rx_cz,36,numeric,468,216,252,108,541,324,108,exported
equatorial_frames_36_numeric,rxrz_rzz_unbounded,36,numeric,434,217,217,108,326,217,108,exported
equatorial_frames_36_symbolic,ibm_fractional_bounded,36,symbolic,252,108,144,108,325,216,108,exported
equatorial_frames_36_symbolic,ibm_sxz_cx,36,symbolic,1081,432,649,108,865,432,108,exported
equatorial_frames_36_symbolic,ibm_sxz_cz,36,symbolic,468,216,252,108,541,324,108,exported
equatorial_frames_36_symbolic,ionq_fixed_r_zz,36,symbolic,757,432,325,108,649,432,108,exported
equatorial_frames_36_symbolic,iqm_r_cz,36,symbolic,144,144,0,108,252,252,108,exported
equatorial_frames_36_symbolic,rigetti_rx_cz,36,symbolic,468,216,252,108,541,324,108,exported
equatorial_frames_36_symbolic,rxrz_rzz_unbounded,36,symbolic,648,324,324,108,540,324,108,exported
equatorial_frames_54_numeric,ibm_fractional_bounded,54,numeric,378,162,216,162,487,324,162,exported
equatorial_frames_54_numeric,ibm_sxz_cx,54,numeric,1299,487,812,162,975,487,162,exported
equatorial_frames_54_numeric,ibm_sxz_cz,54,numeric,702,324,378,162,811,486,162,exported
equatorial_frames_54_numeric,ionq_fixed_r_zz,54,numeric,974,487,487,162,812,487,162,exported
equatorial_frames_54_numeric,iqm_r_cz,54,numeric,216,216,0,162,378,378,162,exported
equatorial_frames_54_numeric,rigetti_rx_cz,54,numeric,702,324,378,162,811,486,162,exported
equatorial_frames_54_numeric,rxrz_rzz_unbounded,54,numeric,650,325,325,162,488,325,162,exported
equatorial_frames_54_symbolic,ibm_fractional_bounded,54,symbolic,378,162,216,162,487,324,162,exported
equatorial_frames_54_symbolic,ibm_sxz_cx,54,symbolic,1621,648,973,162,1297,648,162,exported
equatorial_frames_54_symbolic,ibm_sxz_cz,54,symbolic,702,324,378,162,811,486,162,exported
equatorial_frames_54_symbolic,ionq_fixed_r_zz,54,symbolic,1135,648,487,162,973,648,162,exported
equatorial_frames_54_symbolic,iqm_r_cz,54,symbolic,216,216,0,162,378,378,162,exported
equatorial_frames_54_symbolic,rigetti_rx_cz,54,symbolic,702,324,378,162,811,486,162,exported
equatorial_frames_54_symbolic,rxrz_rzz_unbounded,54,symbolic,972,486,486,162,810,486,162,exported
pauli_layers_104_numeric,ibm_fractional_bounded,104,numeric,1980,1249,731,624,1645,1249,624,exported
pauli_layers_104_numeric,ibm_sxz_cx,104,numeric,4346,1639,2707,624,3050,1587,624,exported
pauli_layers_104_numeric,ibm_sxz_cz,104,numeric,4442,2226,2216,624,3122,1873,624,exported
pauli_layers_104_numeric,rxrz_rzz_unbounded,104,numeric,2601,1249,1352,624,1875,1249,624,exported
pauli_layers_104_symbolic,ibm_fractional_bounded,104,symbolic,2079,1248,831,624,1874,1249,624,exported
pauli_layers_104_symbolic,ibm_sxz_cx,104,symbolic,3740,1455,2285,624,3434,1873,624,exported
pauli_layers_104_symbolic,ibm_sxz_cz,104,symbolic,4471,2184,2287,624,3122,1873,624,exported
pauli_layers_104_symbolic,rxrz_rzz_unbounded,104,symbolic,2602,1249,1353,624,1875,1249,624,exported
pauli_layers_156_numeric,ibm_fractional_bounded,156,numeric,3049,1873,1176,936,2496,1873,936,exported
pauli_layers_156_numeric,ibm_sxz_cx,156,numeric,6402,2444,3958,936,4498,2365,936,exported
pauli_layers_156_numeric,ibm_sxz_cz,156,numeric,6686,3341,3345,936,4682,2809,936,exported
pauli_layers_156_numeric,rxrz_rzz_unbounded,156,numeric,3901,1873,2028,936,2811,1873,936,exported
pauli_layers_156_symbolic,ibm_fractional_bounded,156,symbolic,3119,1872,1247,936,2810,1873,936,exported
pauli_layers_156_symbolic,ibm_sxz_cx,156,symbolic,5612,2183,3429,936,5150,2809,936,exported
pauli_layers_156_symbolic,ibm_sxz_cz,156,symbolic,6707,3276,3431,936,4682,2809,936,exported
pauli_layers_156_symbolic,rxrz_rzz_unbounded,156,symbolic,3902,1873,2029,936,2811,1873,936,exported
pauli_layers_24_numeric,ibm_fractional_bounded,24,numeric,471,289,182,144,392,289,144,exported
pauli_layers_24_numeric,ibm_sxz_cx,24,numeric,970,370,600,144,688,363,144,exported
pauli_layers_24_numeric,ibm_sxz_cz,24,numeric,1035,520,515,144,722,433,144,exported
pauli_layers_24_numeric,ionq_fixed_r_zz,24,numeric,746,361,385,144,579,361,144,exported
pauli_layers_24_numeric,iqm_r_cz,24,numeric,318,318,0,144,292,292,144,exported
pauli_layers_24_numeric,rigetti_rx_cz,24,numeric,1031,519,512,144,723,433,144,exported
pauli_layers_24_numeric,rxrz_rzz_unbounded,24,numeric,601,289,312,144,435,289,144,exported
pauli_layers_24_symbolic,ibm_fractional_bounded,24,symbolic,479,288,191,144,434,289,144,exported
pauli_layers_24_symbolic,ibm_sxz_cx,24,symbolic,860,335,525,144,794,433,144,exported
pauli_layers_24_symbolic,ibm_sxz_cz,24,symbolic,1031,504,527,144,722,433,144,exported
pauli_layers_24_symbolic,ionq_fixed_r_zz,24,symbolic,745,361,384,144,578,361,144,exported
pauli_layers_24_symbolic,iqm_r_cz,24,symbolic,384,384,0,144,363,363,144,exported
pauli_layers_24_symbolic,rigetti_rx_cz,24,symbolic,1031,504,527,144,722,433,144,exported
pauli_layers_24_symbolic,rxrz_rzz_unbounded,24,symbolic,602,289,313,144,435,289,144,exported
pauli_layers_36_numeric,ibm_fractional_bounded,36,numeric,666,433,233,216,559,433,216,exported
pauli_layers_36_numeric,ibm_sxz_cx,36,numeric,1502,571,931,216,1066,553,216,exported
pauli_layers_36_numeric,ibm_sxz_cz,36,numeric,1545,774,771,216,1083,649,216,exported
pauli_layers_36_numeric,ionq_fixed_r_zz,36,numeric,1117,541,576,216,866,541,216,exported
pauli_layers_36_numeric,iqm_r_cz,36,numeric,476,476,0,216,440,440,216,exported
pauli_layers_36_numeric,rigetti_rx_cz,36,numeric,1546,770,776,216,1082,649,216,exported
pauli_layers_36_numeric,rxrz_rzz_unbounded,36,numeric,902,433,469,216,651,433,216,exported
pauli_layers_36_symbolic,ibm_fractional_bounded,36,symbolic,719,432,287,216,650,433,216,exported
pauli_layers_36_symbolic,ibm_sxz_cx,36,symbolic,1292,503,789,216,1190,649,216,exported
pauli_layers_36_symbolic,ibm_sxz_cz,36,symbolic,1547,756,791,216,1082,649,216,exported
pauli_layers_36_symbolic,ionq_fixed_r_zz,36,symbolic,1117,541,576,216,866,541,216,exported
pauli_layers_36_symbolic,iqm_r_cz,36,symbolic,576,576,0,216,543,543,216,exported
pauli_layers_36_symbolic,rigetti_rx_cz,36,symbolic,1547,756,791,216,1082,649,216,exported
pauli_layers_36_symbolic,rxrz_rzz_unbounded,36,symbolic,902,433,469,216,651,433,216,exported
pauli_layers_54_numeric,ibm_fractional_bounded,54,numeric,1039,649,390,324,855,649,324,exported
pauli_layers_54_numeric,ibm_sxz_cx,54,numeric,2235,856,1379,324,1572,825,324,exported
pauli_layers_54_numeric,ibm_sxz_cz,54,numeric,2320,1159,1161,324,1622,973,324,exported
pauli_layers_54_numeric,ionq_fixed_r_zz,54,numeric,1675,811,864,324,1298,811,324,exported
pauli_layers_54_numeric,iqm_r_cz,54,numeric,704,704,0,324,654,654,324,exported
pauli_layers_54_numeric,rigetti_rx_cz,54,numeric,2340,1172,1168,324,1622,973,324,exported
pauli_layers_54_numeric,rxrz_rzz_unbounded,54,numeric,1352,649,703,324,975,649,324,exported
pauli_layers_54_symbolic,ibm_fractional_bounded,54,symbolic,1079,648,431,324,974,649,324,exported
pauli_layers_54_symbolic,ibm_sxz_cx,54,symbolic,1940,755,1185,324,1784,973,324,exported
pauli_layers_54_symbolic,ibm_sxz_cz,54,symbolic,2321,1134,1187,324,1622,973,324,exported
pauli_layers_54_symbolic,ionq_fixed_r_zz,54,symbolic,1675,811,864,324,1298,811,324,exported
pauli_layers_54_symbolic,iqm_r_cz,54,symbolic,864,864,0,324,813,813,324,exported
pauli_layers_54_symbolic,rigetti_rx_cz,54,symbolic,2321,1134,1187,324,1622,973,324,exported
pauli_layers_54_symbolic,rxrz_rzz_unbounded,54,symbolic,1352,649,703,324,975,649,324,exported
